Hippopotamus;Vertebrate;Mammal;Herbivore;River;The hippopotamus is a large, mostly herbivorous mammal found in sub-Saharan Africa. It spends most of the day submerged in rivers to keep cool.
Sparrow;Vertebrate;Bird;Carnivore;Land;The sparrow is a small bird known for its brown and gray plumage. It feeds mainly on seeds and insects and is found worldwide in various habitats.
Magpie;Vertebrate;Bird;Omnivore;Land;The magpie is a highly intelligent bird with black and white plumage. It is known for its bold personality and tendency to steal shiny objects.
Rhinoceros;Vertebrate;Mammal;Herbivore;Savanna;The rhinoceros is a large herbivorous mammal with thick, armor-like skin and one or two horns on its nose. It inhabits savannas and grasslands.
Seahorse;Vertebrate;Fish;Carnivore;Ocean;The seahorse is a unique fish with a horse-like head and a curled tail. It swims upright and is found in shallow tropical waters worldwide.
Butterfly;Invertebrate;Insect;Herbivore;Garden;The butterfly is a colorful insect with delicate wings. It undergoes a metamorphosis from caterpillar to butterfly and plays a vital role in pollination.
Ladybug;Invertebrate;Insect;Herbivore;Land;The ladybug, also known as a ladybird beetle, is a small insect with a round, brightly colored body. It feeds on aphids and other garden pests.
Raccoon;Vertebrate;Mammal;Omnivore;Forest;The raccoon is a medium-sized mammal with a distinctive black mask across its eyes. It is highly adaptable and found in a variety of habitats, including forests and urban areas.
Crab;Invertebrate;Crustacean;Carnivore;Ocean;The crab is a crustacean with a hard exoskeleton and claws. It scavenges for food on the ocean floor and is known for its sideways walking.
Pig;Vertebrate;Mammal;Omnivore;Farm;The pig is a domesticated mammal raised for its meat, known as pork. It is highly intelligent and has a diverse diet, including plants, insects, and small animals.
Bull;Vertebrate;Mammal;Herbivore;Farm;The bull is an adult male cattle known for its muscular build and horns. It is raised for breeding purposes and meat production.
Snail;Invertebrate;Mollusk;Herbivore;Garden;The snail is a mollusk with a spiral shell. It moves slowly and feeds on plants and decaying matter, playing a role in nutrient cycling.
Lynx;Vertebrate;Mammal;Carnivore;Forest;The lynx is a medium-sized wild cat with tufted ears and a short tail. It is an agile hunter, preying mainly on small mammals like rabbits and rodents.
Turtle;Vertebrate;Reptile;Carnivore;River;The turtle is a reptile with a protective shell and webbed feet. It inhabits various aquatic environments and feeds on fish, insects, and plants.
Canary;Vertebrate;Bird;Herbivore;Garden;The canary is a small songbird known for its melodious voice and bright plumage. It is often kept as a pet and bred for its singing ability.
Moths and butterflies;Invertebrate;Insect;Herbivore;Garden;Moths and butterflies are insects belonging to the order Lepidoptera. They have distinct life stages, including caterpillars and adults, and play essential roles in ecosystems as pollinators.
Fox;Vertebrate;Mammal;Omnivore;Forest;The fox is a cunning carnivore with a bushy tail and pointed ears. It is found in various habitats worldwide and preys on small mammals, birds, and insects.
Cattle;Vertebrate;Mammal;Herbivore;Farm;Cattle are domesticated mammals raised for meat, milk, and other products. They are often found in pastoral landscapes and play a significant role in agriculture.
Turkey;Vertebrate;Bird;Omnivore;Farm;The turkey is a large bird native to North America and domesticated for its meat. It has distinctive plumage and is often associated with Thanksgiving celebrations.
Scorpion;Invertebrate;Arachnid;Carnivore;Desert;The scorpion is an arachnid with a venomous stinger on its tail. It is nocturnal and preys on insects and other small arthropods in desert habitats.
Goldfish;Vertebrate;Fish;Carnivore;Ocean;The goldfish is a small freshwater fish often kept as a pet in aquariums. It comes in various colors and is known for its bright, metallic scales.
Giraffe;Vertebrate;Mammal;Herbivore;Savanna;The giraffe is the tallest land animal, with a long neck and legs. It feeds on leaves from tall trees in savannas and grasslands, using its prehensile tongue to grasp foliage.
Bear;Vertebrate;Mammal;Omnivore;Forest;The bear is a large carnivore found in various habitats worldwide. It hibernates during the winter and feeds on a diverse diet of plants, berries, insects, and small mammals.
Penguin;Vertebrate;Bird;Carnivore;Antarctic;The penguin is a flightless bird adapted to life in the Southern Hemisphere. It has a streamlined body and flipper-like wings for swimming, feeding primarily on fish and squid.
Squid;Vertebrate;Mollusk;Carnivore;Ocean;The squid is a cephalopod with a soft body, elongated mantle, and tentacles equipped with suckers. It is an agile predator, using jet propulsion to move through the water and capturing prey with its tentacles.
Zebra;Vertebrate;Mammal;Herbivore;Savanna;The zebra is a striped mammal found in African savannas. It lives in herds and feeds on grass and other vegetation, using its keen sense of hearing and sight to detect predators.
Brown bear;Vertebrate;Mammal;Omnivore;Forest;The brown bear is a large bear species found in various habitats across North America, Europe, and Asia. It is a powerful omnivore, feeding on fish, berries, nuts, and small mammals.
Leopard;Vertebrate;Mammal;Carnivore;Forest;The leopard is a medium-sized wild cat known for its spotted coat and stealthy hunting behavior. It is an apex predator found in forests, grasslands, and rocky habitats.
Sheep;Vertebrate;Mammal;Herbivore;Farm;The sheep is a domesticated mammal raised for its wool, meat, and milk. It is known for its fluffy coat and herding behavior, often found grazing in pastures.
Hamster;Vertebrate;Mammal;Herbivore;Home;The hamster is a small rodent often kept as a pet. It has a short tail and cheek pouches for storing food, primarily feeding on seeds, fruits, and vegetables.
Panda;Vertebrate;Mammal;Herbivore;Forest;The panda is a large bear native to China, known for its distinctive black and white fur. It feeds almost exclusively on bamboo and is considered a symbol of conservation efforts.
Duck;Vertebrate;Bird;Omnivore;Pond;The duck is a waterfowl with a broad, flat bill and webbed feet. It feeds on aquatic plants, insects, and small fish and is found in various wetland habitats worldwide.
Camel;Vertebrate;Mammal;Herbivore;Desert;The camel is a large mammal adapted to arid environments. It has specialized features like humps for storing fat and can survive long periods without water.
Owl;Vertebrate;Bird;Carnivore;Forest;The owl is a nocturnal bird of prey known for its keen vision and silent flight. It hunts small mammals, birds, and insects using its sharp talons and beak.
Tiger;Vertebrate;Mammal;Carnivore;Jungle;The tiger is the largest cat species known for its distinctive orange coat with black stripes. It is an apex predator found in dense forests and grasslands across Asia.
Whale;Vertebrate;Mammal;Carnivore;Ocean;The whale is a large marine mammal with a streamlined body and blowhole for breathing. It includes species like the blue whale, the largest animal on Earth, and feeds primarily on krill and small fish.
Crocodile;Vertebrate;Reptile;Carnivore;River;The crocodile is a large reptile with a powerful jaw and armored body. It is an apex predator in freshwater habitats, feeding on fish, birds, and mammals.
Eagle;Vertebrate;Bird;Carnivore;Sky;The eagle is a large bird of prey known for its keen eyesight and powerful talons. It hunts small mammals and birds and is found in various habitats, from mountains to deserts.
Otter;Vertebrate;Mammal;Carnivore;River;The otter is a playful mammal with a streamlined body and webbed feet. It feeds on fish and crustaceans and is found in rivers, lakes, and coastal areas worldwide.
Starfish;Invertebrate;Echinoderm;Carnivore;Ocean;The starfish is a marine invertebrate with a radial body and arms. It feeds on mollusks and other small animals using its tube feet and is found in oceans worldwide.
Goat;Vertebrate;Mammal;Herbivore;Mountain;The goat is a domesticated mammal raised for its milk, meat, and fiber. It is highly adaptable and can thrive in mountainous and arid environments.
Jellyfish;Invertebrate;Cnidarian;Carnivore;Ocean;The jellyfish is a gelatinous marine animal with stinging tentacles. It feeds on plankton and small fish, drifting with ocean currents.
Mule;Vertebrate;Mammal;Herbivore;Farm;The mule is a hybrid offspring of a male donkey and a female horse, known for its strength and sure-footedness. It is used for work and transportation in various cultures.
Red panda;Vertebrate;Mammal;Herbivore;Forest;The red panda is a small arboreal mammal native to the eastern Himalayas and southwestern China. It feeds mainly on bamboo and is known for its reddish-brown fur and bushy tail.
Raven;Vertebrate;Bird;Omnivore;Sky;The raven is a large, intelligent bird with black plumage and a deep, croaking call. It is an opportunistic feeder, scavenging on carrion and foraging for insects, seeds, and small animals.
Mouse;Vertebrate;Mammal;Herbivore;Field;The mouse is a small rodent found in various habitats worldwide. It feeds on seeds, grains, and vegetation and is preyed upon by many animals, including birds, snakes, and cats.
Centipede;Invertebrate;Arthropod;Carnivore;Soil;The centipede is a predatory arthropod with a long, segmented body and numerous legs. It hunts insects and other small animals in soil and leaf litter.
Lizard;Vertebrate;Reptile;Carnivore;Desert;The lizard is a reptile with dry, scaly skin and a long tail. It feeds on insects, spiders, and small vertebrates and is well-adapted to arid environments like deserts.
Cheetah;Vertebrate;Mammal;Carnivore;Savanna;The cheetah is the fastest land animal, capable of reaching speeds up to 60 miles per hour. It is a carnivorous hunter found in the grasslands and open savannas of Africa.
Woodpecker;Vertebrate;Bird;Carnivore;Forest;The woodpecker is a bird with a chisel-like beak for drilling into wood. It feeds on insects and larvae found under tree bark and is known for its rhythmic drumming behavior.
Sea lion;Vertebrate;Mammal;Carnivore;Ocean;The sea lion is a marine mammal with external ear flaps and powerful flippers for swimming. It feeds on fish and squid and is often seen basking on rocky shores.
Shrimp;Invertebrate;Crustacean;Omnivore;Ocean;The shrimp is a small crustacean with a slender body and long antennae. It scavenges for algae, detritus, and small animals on the ocean floor and is an important food source for many marine animals.
Polar bear;Vertebrate;Mammal;Carnivore;Arctic;The polar bear is a large bear species adapted to life in the Arctic Circle. It is an apex predator, preying primarily on seals, and is threatened by climate change and habitat loss.
Parrot;Vertebrate;Bird;Omnivore;Jungle;The parrot is a colorful bird with a curved beak and strong feet for grasping. It feeds on fruits, seeds, and nuts and is known for its ability to mimic human speech.
Kangaroo;Vertebrate;Mammal;Herbivore;Forest;The kangaroo is a marsupial with powerful hind legs adapted for hopping. It feeds on grass and leaves and is found in various habitats, from forests to grasslands.
Worm;Invertebrate;Annelid;Detritivore;Soil;The worm is a legless invertebrate with a long, cylindrical body. It burrows through soil, feeding on organic matter and playing a vital role in decomposition and soil health.
Caterpillar;Invertebrate;Insect;Herbivore;Garden;The caterpillar is the larval stage of a butterfly or moth, known for its voracious appetite and segmented body. It feeds on leaves and foliage, storing energy for its transformation into an adult insect.
Spider;Invertebrate;Arachnid;Carnivore;Web;The spider is an arachnid with eight legs and silk-producing glands. It builds webs to catch prey like insects and plays a crucial role in controlling pest populations.
Chicken;Vertebrate;Bird;Omnivore;Farm;The chicken is a domesticated bird raised for its meat and eggs. It is one of the most common and widespread domestic animals, with billions raised worldwide for food production.
Monkey;Vertebrate;Mammal;Omnivore;Jungle;The monkey is a primate known for its intelligence and dexterous hands. It feeds on fruits, leaves, insects, and small animals and is found in tropical forests and jungles.
Rabbit;Vertebrate;Mammal;Herbivore;Garden;The rabbit is a small mammal with long ears and a fluffy tail. It feeds on grass and other vegetation, breeding rapidly and serving as prey for many predators.
Koala;Vertebrate;Mammal;Herbivore;Forest;The koala is a marsupial with a specialized diet of eucalyptus leaves. It is native to Australia and spends most of its time sleeping in trees, conserving energy.
Jaguar;Vertebrate;Mammal;Carnivore;Jungle;The jaguar is a large wild cat native to the Americas, known for its powerful bite and spotted coat. It is an apex predator in rainforests and feeds on a variety of prey, including deer, capybaras, and caimans.
Swan;Vertebrate;Bird;Herbivore;Pond;The swan is a graceful bird with a long neck and distinctive curved beak. It feeds on aquatic plants and algae and is often seen gliding serenely across ponds and lakes.
Frog;Vertebrate;Amphibian;Carnivore;Pond;The frog is an amphibian with a moist, permeable skin and long hind legs for jumping. It feeds on insects and other small invertebrates and undergoes metamorphosis from tadpole to adult.
Hedgehog;Vertebrate;Mammal;Insectivore;Garden;The hedgehog is a small mammal with spines covering its back. It feeds on insects, worms, and other invertebrates, curling into a ball for protection when threatened.
Sea turtle;Vertebrate;Reptile;Carnivore;Ocean;The sea turtle is a marine reptile with paddle-like flippers for swimming. It feeds on jellyfish, seaweed, and crustaceans and is threatened by habitat destruction, pollution, and fishing.
Horse;Vertebrate;Mammal;Herbivore;Farm;The horse is a large mammal domesticated for riding, racing, and work. It is known for its speed, strength, and close relationship with humans throughout history.
Ostrich;Vertebrate;Bird;Herbivore;Savanna;The ostrich is the largest bird species, with long legs and a long neck. It is flightless but can run at high speeds, feeding on plants and small animals in savannas and grasslands.
Harbor seal;Vertebrate;Mammal;Carnivore;Ocean;The harbor seal is a marine mammal with a streamlined body and flippers for swimming. It feeds on fish and crustaceans and is found in coastal waters worldwide.
Fish;Vertebrate;Fish;Carnivore;Ocean;Fish are aquatic vertebrates with gills for breathing and fins for swimming. They come in a wide variety of shapes, sizes, and colors and play a crucial role in marine ecosystems as predators and prey.
Squirrel;Vertebrate;Mammal;Herbivore;Forest;The squirrel is a small rodent known for its bushy tail and acrobatic agility. It feeds on nuts, seeds, and fruits and is found in woodlands and urban areas worldwide.
Deer;Vertebrate;Mammal;Herbivore;Forest;The deer is a herbivorous mammal with antlers on the males. It feeds on grass, leaves, and shoots and is found in forests, grasslands, and meadows worldwide.
Lion;Vertebrate;Mammal;Carnivore;Savanna;The lion is a large cat species known for its majestic mane and powerful roar. It is an apex predator in African savannas, forming social groups called prides and hunting cooperatively.
Goose;Vertebrate;Bird;Herbivore;Pond;The goose is a waterfowl with a long neck and webbed feet. It feeds on aquatic plants and grass and is known for its seasonal migrations and loud honking calls.
Shark;Vertebrate;Fish;Carnivore;Ocean;The shark is a predatory fish with cartilaginous skeletons and sharp teeth. It is found in oceans worldwide and plays a crucial role in marine ecosystems as a top predator.
Tortoise;Vertebrate;Reptile;Herbivore;Desert;The tortoise is a reptile with a protective shell and sturdy legs. It feeds on grasses and plants and is adapted to arid environments like deserts and scrublands.
Snake;Vertebrate;Reptile;Carnivore;Desert;The snake is a limbless reptile with a long, flexible body and forked tongue for sensing prey. It feeds on small mammals, birds, and reptiles and is found in various habitats worldwide.
Elephant;Vertebrate;Mammal;Herbivore;Savanna;The elephant is the largest land animal, with a long trunk and tusks. It feeds on grass, leaves, bark, and fruits and plays a crucial role in shaping its savanna habitat.
Tick;Invertebrate;Arachnid;Carnivore;Forest;The tick is a parasitic arachnid that feeds on the blood of mammals, birds, and reptiles. It can transmit diseases like Lyme disease and is found in grassy and wooded areas worldwide.
